Praia da Rocha,1681, 37.117089, -8.535924
세인트 빈센트 곶,960, 37.023761, -8.994380
Ria Formosa,128, 37.0181571,-8.0042924
Ponta da Piedade,6460, 37.0945257,-8.6884704
Praia da Marinha,1315, 37.089719,-8.4132214
Vale do Lobo,540, 37.0551019,-8.0658756
Tavira Island,364, 37.078619,-7.6807663
Aquashow Park,8913, 37.0864387,-8.0737078
Praia do Camilo,7610, 37.0873968,-8.6706755
쿨라트라 섬,141, 36.9888968,-7.8379885
Zoomarine Algarve,16825, 37.1142073,-8.3228335
Barreta Island,63, 36.9699198,-7.9282385
Slide & Splash,7191, 37.120836,-8.4406533
Armona Island,124, 37.0305636,-7.7727107
Castle of Silves,6594, 37.1906011,-8.4401278
Praia da Rocha Baixinha,797, 37.0816613,-8.1591432
LAGOS ZOO,2843, 37.1451953,-8.7687027
Praia da Arrifana,291, 37.291952,-8.8679101
Ria Formosa Natural Park,3428, 37.0318123,-7.8178953
Beach Falésia Açoteias,7073, 37.0866712,-8.1702345
Praia do Barril,142, 37.0892166,-7.6712945
Praia dos Pescadores,24, 6.1698158,-45.856448
Marina de Vilamoura,9, 37.077548,-8.1242196
Faro Cathedral,3604, 37.0133122,-7.9371269
Praia de Nossa Senhora da Rocha,259, 37.0972165,-8.3878329
Sagres Fortress,9284, 36.9973378,-8.95102
Praia de S. Rafael,142, 37.0747466,-8.2886642
Praia dos Salgados,384, 37.089673,-8.3384469
Algar Seco,2978, 37.0928337,-8.4673768
Benagil Caves,7203, 37.0872109,-8.4259102
Praia do Amado,2665, 37.0873315,-8.4937607
Cerro da Vila,325, 37.0800077,-8.1222681
Praia de Monte Clérigo,15, 37.2935161,-8.7606325
Praia da Coelha,148, 37.0737531,-8.2961165
Praia da Amoreira,393, 37.3477045,-8.8469914
Museu de Portimão,1223, 37.1308973,-8.5366517
Meia Praia,404, 37.1110818,-8.6491978
Aqualand Algarve,1828, 37.1355258,-8.36821
Church of São Lourenço,576, 37.0820947,-8.0110819
Castle of Paderne,415, 37.1572472,-8.2023337
Praia da Oura,6172, 37.1573147,-8.2351643
Beach Olhos de Água,4871, 37.0843489,-8.1803978
Praia do Tonel,1613, 37.0057343,-8.9499791
Lighthouse of Cabo de São Vicente,9479, 37.0230511,-8.9986452
Praia Grande,73, 37.116119,-8.5238218
Praia do Beliche,2664, 37.0256353,-8.9663027
Carvalho Beach,2897, 37.0866543,-8.4340587
Igreja do Carmo,1557, 37.020232,-7.9697079
Fóia,122, 37.3148238,-8.6005826
Albandeira Beach,1619, 37.0908589,-8.402606
Seven Hanging Valleys Trail,43, 37.0906114,-8.4164013
Pego do Inferno,1649, 37.1554145,-7.6982486
Bordeira's beach,329, 37.2074104,-8.9037234
Praia da Cordoama,816, 37.1090771,-8.9396015
Vale de Centeanes Beach,2284, 37.0911884,-8.4568257
Praia dos Caneiros,1379, 37.1073742,-8.514672
Farol da Ponta da Piedade,4439, 37.0806665,-8.6716575
Arco da Vila,494, 37.014671,-7.937047
Old Town Of Albufeira,902, 37.089485,-8.2553483
Praia do Zavial,83, 37.045008,-8.872433
Gilão River,53, 37.1382817,-7.6763992
Benagil,366, 37.0875653,-8.4280867
Roman Ruins of Milreu,720, 37.0948306,-7.9067545
Fort of Ponta da Bandeira,4, 37.0989973,-8.670585
Fortaleza de Santa Catarina,2218, 37.1167683,-8.5318197
Beach Barranco das Belharucas,2973, 37.0908983,-8.1855527
Praia da Ingrina,92, 37.0465416,-8.8813495
Praia do Vau,3636, 37.1198692,-8.5590494
Praia da Mareta,91, 37.0049282,-8.9397352
Praia Santa Eulália,175, 37.0876771,-8.2149714
São Rafael,1, 37.0794802,-8.2841621
Praia de Alvor,505, 37.1209492,-8.6033295
Ria Alvor,81, 37.1299028,-8.6098943
Silves Cathedral,475, 37.1900043,-8.4407998
Beach Estudantes,867, 37.0965473,-8.6698227
Krazy World,1564, 37.1822058,-8.2838989
The Strip Albufeira,491, 37.0895098,-8.2293723
Praia dos Arrifes,164, 37.0759203,-8.2795073
Archaeological and Lapidary Museum Prince Henry the Navigator,725, 37.0129621,-7.9360722
Cacela Velha Beach,1263, 37.1529163,-7.5448717
Praia dos Três Irmãos,18, 37.1166747,-8.5877107
Casino Vilamoura,2234, 37.0735896,-8.1181263
Manta Rota beach,4695, 37.163189,-7.5209997
Praia do Burgau,80, 37.0716746,-8.7796552
Praia do Castelejo,713, 37.0998373,-8.9484579
Praia de Armação de Pêra,196, 37.1002599,-8.3638127
Fuseta Island Beach,1493, 37.0424566,-7.746686
Mercado Municipal de Loulé,2647, 37.1386726,-8.0242645
Igreja de Santo António,614, 37.0996114,-8.7412915
Serra do Caldeirão,22, 37.1812265,-7.8442836
Beach Maria Luísa,1420, 37.089116,-8.2029777
Marinha Beach,6897, 37.0897024,-8.4153052
Castle of Loulé,1463, 37.1396543,-8.0260498
Parque Natural do Sudoeste Alentejano e Costa Vicentina,18320, 37.4563931,-8.7909029
Praia do Túnel,6, 37.0864284,-8.2576669
Praia de Odeceixe Mar,104, 37.4424283,-8.7987119
Praia Verde,190, 37.1702145,-7.4953369
